"Status","Start Time","Stop Time","Duration in ms","Parent Suite","Suite","Sub Suite","Test Class","Test Method","Name","Description"
"passed","Tue Apr 01 09:26:11 GMT 2025","Tue Apr 01 09:26:11 GMT 2025","0","src.tests","test_base_tool","TestBaseAction","","","test_run_with_no_arguments","Test that _run handles calls without arguments correctly."
"passed","Tue Apr 01 09:26:09 GMT 2025","Tue Apr 01 09:26:09 GMT 2025","1","src.tests.ado.repos","test_unit_ado_repos","TestReposToolsPositive","","","test_list_pull_request_diffs_non_edit_change",""
"passed","Tue Apr 01 09:26:11 GMT 2025","Tue Apr 01 09:26:11 GMT 2025","0","src.tests.ado.wiki","test_unit_ado_wiki","TestWikiApiWrapperExceptions","","","test_modify_wiki_page_logs_general_error","Test logger accurately logs general errors."
"passed","Tue Apr 01 09:26:09 GMT 2025","Tue Apr 01 09:26:09 GMT 2025","0","src.tests.ado.test_plan","test_unit_ado_test_plan","TestPlanApiWrapperNegative","","","test_create_test_suite_invalid_json","Test create test suite with invalid json."
"passed","Tue Apr 01 09:26:11 GMT 2025","Tue Apr 01 09:26:11 GMT 2025","0","src.tests.ado.work_item","test_unit_ado_wrapper","TestAdoWorkItemWrapper","","","test_create_work_item_missing_fields","Test create_work_item with JSON missing 'fields' key."
"passed","Tue Apr 01 09:26:09 GMT 2025","Tue Apr 01 09:26:09 GMT 2025","0","src.tests.ado.test_plan","test_unit_ado_test_plan","TestPlanApiWrapperValidateToolkit","","","test_run_tool[delete_test_suite-delete_test_suite]",""
"passed","Tue Apr 01 09:26:09 GMT 2025","Tue Apr 01 09:26:09 GMT 2025","2","src.tests.ado.repos","test_unit_ado_repos","TestReposToolsPositive","","","test_update_file_success_check_push_arguments",""
"passed","Tue Apr 01 09:26:11 GMT 2025","Tue Apr 01 09:26:11 GMT 2025","0","src.tests","test_elitea_base_tool","TestBaseToolApiWrapper","","","test_run_valid_mode_with_args","Test that `run` successfully passes arguments to the tool."
"passed","Tue Apr 01 09:26:09 GMT 2025","Tue Apr 01 09:26:09 GMT 2025","0","src.tests.ado.repos","test_unit_ado_repos","TestReposApiWrapperValidateToolkit","","","test_validate_toolkit_missing_parameters_project[repository_id]",""
"passed","Tue Apr 01 09:26:09 GMT 2025","Tue Apr 01 09:26:09 GMT 2025","1","src.tests.ado.test_plan","test_unit_ado_test_plan","TestPlanApiWrapperPositive","","","test_get_test_plan_by_id_success","Test successful getting of a test plan by id."
"passed","Tue Apr 01 09:26:09 GMT 2025","Tue Apr 01 09:26:09 GMT 2025","0","src.tests.ado.test_plan","test_unit_ado_test_plan","TestPlanApiWrapperValidateToolkit","","","test_run_tool[create_test_plan-create_test_plan]",""
"passed","Tue Apr 01 09:26:09 GMT 2025","Tue Apr 01 09:26:09 GMT 2025","1","src.tests.ado.repos","test_unit_ado_repos","TestReposApiWrapperValidateToolkit","","","test_run_tool[update_file-update_file]",""
"passed","Tue Apr 01 09:26:09 GMT 2025","Tue Apr 01 09:26:09 GMT 2025","1","src.tests.ado.repos","test_unit_ado_repos","TestReposToolsPositive","","","test_list_pull_request_diffs_success",""
"passed","Tue Apr 01 09:26:11 GMT 2025","Tue Apr 01 09:26:11 GMT 2025","1","src.tests.sharepoint","test_sharepoin_utils","TestSharepointReadDocxFromBytes","","","test_read_docx_from_bytes_invalid_format","Test behavior with invalid file content."
"passed","Tue Apr 01 09:26:11 GMT 2025","Tue Apr 01 09:26:11 GMT 2025","0","src.tests.gitlab","test_gitlab_utils","TestGitlabUtilsGetPosition","","","test_get_position_positive","Test successful retrieval of position."
"passed","Tue Apr 01 09:26:09 GMT 2025","Tue Apr 01 09:26:09 GMT 2025","0","src.tests.ado.repos","test_unit_ado_repos","TestReposToolsNegative","","","test_create_file_already_exists",""
"passed","Tue Apr 01 09:26:09 GMT 2025","Tue Apr 01 09:26:09 GMT 2025","0","src.tests.ado.test_plan","test_unit_ado_test_plan","TestPlanApiWrapperNegative","","","test_delete_test_plan_api_error","Test deletion of a test plan with exception."
"passed","Tue Apr 01 09:26:11 GMT 2025","Tue Apr 01 09:26:11 GMT 2025","27","src.tests.sharepoint","test_sharepoin_utils","TestSharepointReadDocxFromBytes","","","test_read_docx_from_bytes_empty_file","Test behavior with an empty .docx file."
"passed","Tue Apr 01 09:26:11 GMT 2025","Tue Apr 01 09:26:11 GMT 2025","0","src.tests.gitlab","test_gitlab_utils","TestGitlabUtilsGetDiffWPosition","","","test_empty_diff","Test behavior when diff is empty."
"passed","Tue Apr 01 09:26:11 GMT 2025","Tue Apr 01 09:26:11 GMT 2025","1","src.tests.ado.wiki","test_unit_ado_wiki","TestWikiApiWrapperExceptions","","","test_delete_page_by_id_logs_error","Test logger called when deletion fails due to an API error."
"passed","Tue Apr 01 09:26:11 GMT 2025","Tue Apr 01 09:26:11 GMT 2025","0","src.tests.sharepoint","test_sharepoin_utils","TestSharepointReadDocxFromBytes","","","test_read_docx_from_bytes_none_input","Test behavior when input is None."
"passed","Tue Apr 01 09:26:09 GMT 2025","Tue Apr 01 09:26:09 GMT 2025","1","src.tests.ado.repos","test_unit_ado_repos","TestReposToolsPositive","","","test_update_file_success",""
"passed","Tue Apr 01 09:26:11 GMT 2025","Tue Apr 01 09:26:11 GMT 2025","0","src.tests","test_base_tool","TestBaseAction","","","test_run_with_missing_name","Test that _run handles a missing name gracefully."
"passed","Tue Apr 01 09:26:09 GMT 2025","Tue Apr 01 09:26:09 GMT 2025","1","src.tests.ado.repos","test_unit_ado_repos","TestReposToolsPositive","","","test_get_files_successful",""
"passed","Tue Apr 01 09:26:09 GMT 2025","Tue Apr 01 09:26:09 GMT 2025","1","src.tests.ado.test_plan","test_unit_ado_test_plan","TestPlanApiWrapperValidateToolkit","","","test_run_tool[delete_test_plan-delete_test_plan]",""
"passed","Tue Apr 01 09:26:09 GMT 2025","Tue Apr 01 09:26:09 GMT 2025","0","src.tests.ado.repos","test_unit_ado_repos","TestReposToolsExceptions","","","test_get_file_content_exception",""
"passed","Tue Apr 01 09:26:09 GMT 2025","Tue Apr 01 09:26:09 GMT 2025","0","src.tests.ado.test_plan","test_unit_ado_test_plan","TestPlanApiWrapperValidateToolkit","","","test_run_tool[create_test_suite-create_test_suite]",""
"passed","Tue Apr 01 09:26:10 GMT 2025","Tue Apr 01 09:26:10 GMT 2025","1","src.tests.ado.test_plan","test_unit_ado_test_plan","TestPlanApiWrapperExceptions","","","test_get_all_test_suites_logs_error","Test logger called when retrieval of all test suites fails."
"passed","Tue Apr 01 09:26:09 GMT 2025","Tue Apr 01 09:26:09 GMT 2025","0","src.tests.ado.test_plan","test_unit_ado_test_plan","TestPlanApiWrapperValidateToolkit","","","test_validate_toolkit_connection_error",""
"passed","Tue Apr 01 09:26:09 GMT 2025","Tue Apr 01 09:26:09 GMT 2025","1","src.tests.ado.repos","test_unit_ado_repos","TestReposToolsExceptions","","","test_create_file_exception",""
"passed","Tue Apr 01 09:26:09 GMT 2025","Tue Apr 01 09:26:09 GMT 2025","0","src.tests.ado.repos","test_unit_ado_repos","TestReposToolsNegative","","","test_create_branch_invalid_name",""
"passed","Tue Apr 01 09:26:09 GMT 2025","Tue Apr 01 09:26:09 GMT 2025","0","src.tests.ado.test_plan","test_unit_ado_test_plan","TestPlanApiWrapperValidateToolkit","","","test_run_tool[get_test_suite-get_test_suite]",""
"passed","Tue Apr 01 09:26:10 GMT 2025","Tue Apr 01 09:26:10 GMT 2025","1","src.tests.ado.wiki","test_unit_ado_wiki","TestWikiApiWrapperPositive","","","test_get_wiki_page_by_id_success","Test successful extraction of wiki page content by ID."
"passed","Tue Apr 01 09:26:09 GMT 2025","Tue Apr 01 09:26:09 GMT 2025","1","src.tests.ado.test_plan","test_unit_ado_test_plan","TestPlanApiWrapperExceptions","","","test_create_test_suite_exception","Test create test suite logger exception."
"passed","Tue Apr 01 09:26:09 GMT 2025","Tue Apr 01 09:26:09 GMT 2025","1","src.tests.ado.repos","test_unit_ado_repos","TestReposToolsPositive","","","test_get_file_content_success",""
"passed","Tue Apr 01 09:26:09 GMT 2025","Tue Apr 01 09:26:09 GMT 2025","1","src.tests.ado.repos","test_unit_ado_repos","TestReposToolsPositive","","","test_comment_on_pull_request_success",""
"passed","Tue Apr 01 09:26:11 GMT 2025","Tue Apr 01 09:26:11 GMT 2025","0","src.tests","test_utils","TestToolUtils","","","test_clean_string_empty_input","Test behavior when input string is empty."
"passed","Tue Apr 01 09:26:11 GMT 2025","Tue Apr 01 09:26:11 GMT 2025","1","src.tests.ado.work_item","test_unit_ado_wrapper","TestAdoWorkItemWrapper","","","test_update_work_item_api_error","Test update_work_item when the API call fails."
"passed","Tue Apr 01 09:26:11 GMT 2025","Tue Apr 01 09:26:11 GMT 2025","0","src.tests.ado.work_item","test_unit_ado_wrapper","TestAdoWorkItemWrapper","","","test_run_tool[create_work_item-create_work_item]",""
"passed","Tue Apr 01 09:26:09 GMT 2025","Tue Apr 01 09:26:09 GMT 2025","1","src.tests.ado.repos","test_unit_ado_repos","TestReposApiWrapperValidateToolkit","","","test_run_tool[list_pull_request_files-list_pull_request_diffs]",""
"passed","Tue Apr 01 09:26:11 GMT 2025","Tue Apr 01 09:26:11 GMT 2025","1","src.tests.ado.work_item","test_unit_ado_wrapper","TestAdoWorkItemWrapper","","","test_run_tool[get_relation_types-get_relation_types]",""
"passed","Tue Apr 01 09:26:11 GMT 2025","Tue Apr 01 09:26:11 GMT 2025","0","src.tests.gitlab","test_gitlab_utils","TestGitlabUtilsGetDiffWPosition","","","test_invalid_diff_format","Test handling of invalid diff format."
"passed","Tue Apr 01 09:26:09 GMT 2025","Tue Apr 01 09:26:09 GMT 2025","1","src.tests.ado.test_plan","test_unit_ado_test_plan","TestPlanApiWrapperNegative","","","test_get_test_plan_error","Test get test plan exception."
"passed","Tue Apr 01 09:26:11 GMT 2025","Tue Apr 01 09:26:11 GMT 2025","1","src.tests","test_elitea_base_tool","TestBaseToolApiWrapper","","","test_run_valid_mode","Test that `run` successfully calls the correct tool by mode."
"passed","Tue Apr 01 09:26:11 GMT 2025","Tue Apr 01 09:26:11 GMT 2025","0","src.tests","test_utils","TestToolUtils","","","test_clean_string_max_length","Test truncation of string based on max_length parameter."
"passed","Tue Apr 01 09:26:11 GMT 2025","Tue Apr 01 09:26:11 GMT 2025","1","src.tests.ado.work_item","test_unit_ado_wrapper","TestAdoWorkItemWrapper","","","test_get_comments_success_single_page","Test getting comments successfully (single page)."
"passed","Tue Apr 01 09:26:09 GMT 2025","Tue Apr 01 09:26:09 GMT 2025","0","src.tests.ado.test_plan","test_unit_ado_test_plan","TestPlanApiWrapperNegative","","","test_add_test_case_invalid_json","Test addition with invalid JSON input."
"passed","Tue Apr 01 09:26:09 GMT 2025","Tue Apr 01 09:26:09 GMT 2025","0","src.tests.ado.test_plan","test_unit_ado_test_plan","TestPlanApiWrapperExceptions","","","test_delete_test_plan_exception","Test deletion of a test plan with exception in logger."
"passed","Tue Apr 01 09:26:09 GMT 2025","Tue Apr 01 09:26:09 GMT 2025","0","src.tests.ado.repos","test_unit_ado_repos","TestReposApiWrapperValidateToolkit","","","test_base_branch_existence_success",""
"passed","Tue Apr 01 09:26:09 GMT 2025","Tue Apr 01 09:26:09 GMT 2025","1","src.tests.ado.test_plan","test_unit_ado_test_plan","TestPlanApiWrapperValidateToolkit","","","test_run_tool[get_test_case-get_test_case]",""
"passed","Tue Apr 01 09:26:09 GMT 2025","Tue Apr 01 09:26:09 GMT 2025","0","src.tests.ado.repos","test_unit_ado_repos","TestReposApiWrapperValidateToolkit","","","test_run_tool[comment_on_pull_request-comment_on_pull_request]",""
"skipped","Tue Apr 01 09:26:09 GMT 2025","Tue Apr 01 09:26:09 GMT 2025","0","src.tests.ado.repos","test_unit_ado_repos","TestReposToolsPositive","","","test_read_file_success",""
"passed","Tue Apr 01 09:26:09 GMT 2025","Tue Apr 01 09:26:09 GMT 2025","0","src.tests.ado.test_plan","test_unit_ado_test_plan","TestPlanApiWrapperValidateToolkit","","","test_run_tool[get_test_cases-get_test_cases]",""
"passed","Tue Apr 01 09:26:11 GMT 2025","Tue Apr 01 09:26:11 GMT 2025","1","src.tests.ado.work_item","test_unit_ado_wrapper","TestAdoWorkItemWrapper","","","test_create_work_item_success","Test creating a work item successfully."
"passed","Tue Apr 01 09:26:09 GMT 2025","Tue Apr 01 09:26:09 GMT 2025","0","src.tests.ado","test_ado_utils","TestAdoUtils","","","test_generate_diff_with_empty_target","Test generation of diff when target text is empty."
"passed","Tue Apr 01 09:26:09 GMT 2025","Tue Apr 01 09:26:09 GMT 2025","1","src.tests.ado.repos","test_unit_ado_repos","TestReposApiWrapperValidateToolkit","","","test_run_tool[create_file-create_file]",""
"passed","Tue Apr 01 09:26:10 GMT 2025","Tue Apr 01 09:26:10 GMT 2025","1","src.tests.ado.wiki","test_unit_ado_wiki","TestWikiApiWrapperPositive","","","test_rename_wiki_page_success_with_version","Test successful rename of wiki page with version descriptor."
"passed","Tue Apr 01 09:26:09 GMT 2025","Tue Apr 01 09:26:09 GMT 2025","1","src.tests.ado.repos","test_unit_ado_repos","TestReposApiWrapperValidateToolkit","","","test_run_tool[list_branches_in_repo-list_branches_in_repo]",""
"passed","Tue Apr 01 09:26:09 GMT 2025","Tue Apr 01 09:26:09 GMT 2025","0","src.tests.ado.test_plan","test_unit_ado_test_plan","TestPlanApiWrapperNegative","","","test_create_test_suite_missing_field","Test create test suite with missed fields."
"passed","Tue Apr 01 09:26:10 GMT 2025","Tue Apr 01 09:26:10 GMT 2025","0","src.tests.ado.wiki","test_unit_ado_wiki","TestWikiApiWrapperPositive","","","test_get_wiki_page_by_path_success","Tests get wiki page content successfully."
"passed","Tue Apr 01 09:26:09 GMT 2025","Tue Apr 01 09:26:09 GMT 2025","1","src.tests.ado.repos","test_unit_ado_repos","TestReposApiWrapperValidateToolkit","","","test_run_tool[get_pull_request-get_pull_request]",""
"passed","Tue Apr 01 09:26:09 GMT 2025","Tue Apr 01 09:26:09 GMT 2025","0","src.tests.ado.repos","test_unit_ado_repos","TestReposApiWrapperValidateToolkit","","","test_run_tool[list_files-list_files]",""
"passed","Tue Apr 01 09:26:09 GMT 2025","Tue Apr 01 09:26:09 GMT 2025","0","src.tests.ado.repos","test_unit_ado_repos","TestReposToolsNegative","","","test_update_file_protected_branch",""
"passed","Tue Apr 01 09:26:09 GMT 2025","Tue Apr 01 09:26:09 GMT 2025","1","src.tests.ado.test_plan","test_unit_ado_test_plan","TestPlanApiWrapperExceptions","","","test_create_test_plan_exception","Test creation of a test plan with logger exception."
"passed","Tue Apr 01 09:26:09 GMT 2025","Tue Apr 01 09:26:09 GMT 2025","1","src.tests.ado.test_plan","test_unit_ado_test_plan","TestPlanApiWrapperPositive","","","test_create_test_suite_success","Test create test suite successfully."
"passed","Tue Apr 01 09:26:11 GMT 2025","Tue Apr 01 09:26:11 GMT 2025","0","src.tests","test_base_tool","TestBaseAction","","","test_initialization_with_provided_values","Test that the BaseAction is initialized with provided values."
"passed","Tue Apr 01 09:26:09 GMT 2025","Tue Apr 01 09:26:09 GMT 2025","0","src.tests.ado.repos","test_unit_ado_repos","TestReposApiWrapperValidateToolkit","","","test_run_tool[create_pull_request-create_pr]",""
"passed","Tue Apr 01 09:26:09 GMT 2025","Tue Apr 01 09:26:09 GMT 2025","0","src.tests.ado.test_plan","test_unit_ado_test_plan","TestPlanApiWrapperNegative","","","test_delete_test_suite_invalid_suite_id","Test deletion with invalid suite_id"
"passed","Tue Apr 01 09:26:09 GMT 2025","Tue Apr 01 09:26:09 GMT 2025","0","src.tests.ado.test_plan","test_unit_ado_test_plan","TestPlanApiWrapperPositive","","","test_get_test_suite_by_id_success","Test successful retrieval of a single test suite by ID."
"passed","Tue Apr 01 09:26:09 GMT 2025","Tue Apr 01 09:26:09 GMT 2025","0","src.tests.ado.repos","test_unit_ado_repos","TestReposToolsExceptions","","","test_get_work_items_exception",""
"passed","Tue Apr 01 09:26:09 GMT 2025","Tue Apr 01 09:26:09 GMT 2025","0","src.tests.ado.test_plan","test_unit_ado_test_plan","TestPlanApiWrapperValidateToolkit","","","test_validate_toolkit_exception",""
"passed","Tue Apr 01 09:26:09 GMT 2025","Tue Apr 01 09:26:09 GMT 2025","1","src.tests.ado.repos","test_unit_ado_repos","TestReposToolsPositive","","","test_list_files_specified_branch",""
"passed","Tue Apr 01 09:26:11 GMT 2025","Tue Apr 01 09:26:11 GMT 2025","3","src.tests.ado.work_item","test_unit_ado_wrapper","TestAdoWorkItemWrapper","","","test_get_comments_success_multiple_pages","Test getting comments successfully (multiple pages)."
"passed","Tue Apr 01 09:26:10 GMT 2025","Tue Apr 01 09:26:10 GMT 2025","1","src.tests.ado.test_plan","test_unit_ado_test_plan","TestPlanApiWrapperExceptions","","","test_add_test_case_logs_error","Test logger called when addition of test cases fails."
"passed","Tue Apr 01 09:26:09 GMT 2025","Tue Apr 01 09:26:09 GMT 2025","1","src.tests.ado.repos","test_unit_ado_repos","TestReposToolsNegative","","","test_create_file_branch_exists_but_no_commit_id",""
"passed","Tue Apr 01 09:26:11 GMT 2025","Tue Apr 01 09:26:11 GMT 2025","0","src.tests.ado.work_item","test_unit_ado_wrapper","TestAdoWorkItemWrapper","","","test_get_work_item_api_error","Test getting a work item when the API call fails."
"passed","Tue Apr 01 09:26:09 GMT 2025","Tue Apr 01 09:26:09 GMT 2025","1","src.tests.ado.test_plan","test_unit_ado_test_plan","TestPlanApiWrapperNegative","","","test_delete_test_suite_exception","Test deletion with an exception caused by the API"
"passed","Tue Apr 01 09:26:11 GMT 2025","Tue Apr 01 09:26:11 GMT 2025","0","src.tests","test_utils","TestToolUtils","","","test_clean_string_invalid_characters","Test behavior with string containing non-alphanumeric characters."
"passed","Tue Apr 01 09:26:11 GMT 2025","Tue Apr 01 09:26:11 GMT 2025","1","src.tests","test_base_tool","TestBaseAction","","","test_run_with_run_manager","Test that _run handles an optional CallbackManagerForToolRun."
"passed","Tue Apr 01 09:26:09 GMT 2025","Tue Apr 01 09:26:09 GMT 2025","1","src.tests.ado.repos","test_unit_ado_repos","TestReposToolsNegative","","","test_get_pull_request_not_found",""
"passed","Tue Apr 01 09:26:11 GMT 2025","Tue Apr 01 09:26:11 GMT 2025","0","src.tests.ado.work_item","test_unit_ado_wrapper","TestAdoWorkItemWrapper","","","test_search_work_items_no_results","Test searching when no work items are found."
"passed","Tue Apr 01 09:26:09 GMT 2025","Tue Apr 01 09:26:09 GMT 2025","0","src.tests.ado.test_plan","test_unit_ado_test_plan","TestPlanApiWrapperNegative","","","test_get_test_plans_error","Test get test plans exception."
"passed","Tue Apr 01 09:26:09 GMT 2025","Tue Apr 01 09:26:09 GMT 2025","1","src.tests.ado.test_plan","test_unit_ado_test_plan","TestPlanApiWrapperPositive","","","test_get_test_cases_success","Test successful retrieval of test cases from a suite."
"passed","Tue Apr 01 09:26:09 GMT 2025","Tue Apr 01 09:26:09 GMT 2025","0","src.tests.ado","test_ado_utils","TestAdoUtils","","","test_generate_diff_handles_unicode","Test generation of diff when texts contain unicode characters."
"passed","Tue Apr 01 09:26:10 GMT 2025","Tue Apr 01 09:26:10 GMT 2025","0","src.tests.ado.wiki","test_unit_ado_wiki","TestWikiApiWrapperNegative","","","test_get_wiki_invalid_identifier","Test extraction with an invalid wiki identifier."
"passed","Tue Apr 01 09:26:11 GMT 2025","Tue Apr 01 09:26:11 GMT 2025","0","src.tests","test_elitea_base_tool","TestBaseToolApiWrapper","","","test_run_unknown_mode","Test that `run` raises exception for unknown mode."
"passed","Tue Apr 01 09:26:11 GMT 2025","Tue Apr 01 09:26:11 GMT 2025","1","src.tests.ado.work_item","test_unit_ado_wrapper","TestAdoWorkItemWrapper","","","test_search_work_items_api_error","Test searching when the API call fails."
"passed","Tue Apr 01 09:26:11 GMT 2025","Tue Apr 01 09:26:11 GMT 2025","1","src.tests.ado.work_item","test_unit_ado_wrapper","TestAdoWorkItemWrapper","","","test_search_work_items_success","Test searching for work items successfully."
"passed","Tue Apr 01 09:26:11 GMT 2025","Tue Apr 01 09:26:11 GMT 2025","1","src.tests.ado.wiki","test_unit_ado_wiki","TestWikiApiWrapperNegative","","","test_modify_wiki_page_project_not_found","Test modification fails due to invalid wiki identifier."
"passed","Tue Apr 01 09:26:09 GMT 2025","Tue Apr 01 09:26:09 GMT 2025","1","src.tests.ado.test_plan","test_unit_ado_test_plan","TestPlanApiWrapperExceptions","","","test_get_test_plan_exception","Test get test plan exception."
"passed","Tue Apr 01 09:26:09 GMT 2025","Tue Apr 01 09:26:09 GMT 2025","0","src.tests.ado.test_plan","test_unit_ado_test_plan","TestPlanApiWrapperNegative","","","test_get_test_cases_exception","Test retrieval with an exception caused by the API."
"passed","Tue Apr 01 09:26:09 GMT 2025","Tue Apr 01 09:26:09 GMT 2025","0","src.tests.ado.repos","test_unit_ado_repos","TestReposToolsPositive","","","test_parse_pull_request_comments",""
"passed","Tue Apr 01 09:26:11 GMT 2025","Tue Apr 01 09:26:11 GMT 2025","0","src.tests.ado.work_item","test_unit_ado_wrapper","TestAdoWorkItemWrapper","","","test_run_tool[get_work_item-get_work_item]",""
"passed","Tue Apr 01 09:26:09 GMT 2025","Tue Apr 01 09:26:09 GMT 2025","0","src.tests.ado.repos","test_unit_ado_repos","TestReposApiWrapperValidateToolkit","","","test_validate_toolkit_missing_parameters_project[organization_url]",""
"skipped","Tue Apr 01 09:26:11 GMT 2025","Tue Apr 01 09:26:11 GMT 2025","0","src.tests","test_base_tool","TestBaseAction","","","test_initialization_with_defaults","Test that the BaseAction is initialized with default values."
"passed","Tue Apr 01 09:26:11 GMT 2025","Tue Apr 01 09:26:11 GMT 2025","3","src.tests.ado.work_item","test_unit_ado_wrapper","TestAdoWorkItemWrapper","","","test_get_work_item_success","Test getting a single work item successfully."
"passed","Tue Apr 01 09:26:11 GMT 2025","Tue Apr 01 09:26:11 GMT 2025","1","src.tests.ado.wiki","test_unit_ado_wiki","TestWikiApiWrapperNegative","","","test_rename_wiki_page_invalid_identifier","Test rename with invalid wiki identifier."
"passed","Tue Apr 01 09:26:09 GMT 2025","Tue Apr 01 09:26:09 GMT 2025","1","src.tests.ado.repos","test_unit_ado_repos","TestReposToolsExceptions","","","test_list_pull_request_diffs_exception",""
"passed","Tue Apr 01 09:26:09 GMT 2025","Tue Apr 01 09:26:09 GMT 2025","1","src.tests.ado.test_plan","test_unit_ado_test_plan","TestPlanApiWrapperExceptions","","","test_delete_test_suite_logs_error","Test logger called when API deletion fails"
"passed","Tue Apr 01 09:26:11 GMT 2025","Tue Apr 01 09:26:11 GMT 2025","0","src.tests","test_base_tool","TestBaseAction","","","test_run_raises_tool_exception","Test that _run catches an exception and returns a ToolException."
"passed","Tue Apr 01 09:26:09 GMT 2025","Tue Apr 01 09:26:09 GMT 2025","0","src.tests.ado.repos","test_unit_ado_repos","TestReposToolsPositive","","","test_delete_file_success",""
"passed","Tue Apr 01 09:26:11 GMT 2025","Tue Apr 01 09:26:11 GMT 2025","0","src.tests.ado.work_item","test_unit_ado_wrapper","TestAdoWorkItemWrapper","","","test_run_tool[link_work_items-link_work_items]",""
"passed","Tue Apr 01 09:26:09 GMT 2025","Tue Apr 01 09:26:09 GMT 2025","1","src.tests.ado.repos","test_unit_ado_repos","TestReposToolsExceptions","","","test_create_branch_exception",""
"passed","Tue Apr 01 09:26:09 GMT 2025","Tue Apr 01 09:26:09 GMT 2025","1","src.tests.ado.test_plan","test_unit_ado_test_plan","TestPlanApiWrapperNegative","","","test_add_test_case_missing_field","Test addition with missing required fields in parameters."
"passed","Tue Apr 01 09:26:09 GMT 2025","Tue Apr 01 09:26:09 GMT 2025","1","src.tests.ado.repos","test_unit_ado_repos","TestReposToolsExceptions","","","test_update_file_exception",""
"passed","Tue Apr 01 09:26:11 GMT 2025","Tue Apr 01 09:26:11 GMT 2025","1","src.tests","test_base_tool","TestBaseAction","","","test_run_invalid_api_wrapper","Test that _run fails gracefully when `api_wrapper.run` is not implemented correctly."
"passed","Tue Apr 01 09:26:09 GMT 2025","Tue Apr 01 09:26:09 GMT 2025","0","src.tests.ado.repos","test_unit_ado_repos","TestReposToolsExceptions","","","test_base_branch_existence_exception",""
"passed","Tue Apr 01 09:26:11 GMT 2025","Tue Apr 01 09:26:11 GMT 2025","0","src.tests","test_elitea_base_tool","TestBaseToolApiWrapper","","","test_run_mode_with_toolkit_splitter","Test that `run` correctly handles mode with TOOLKIT_SPLITTER."
"passed","Tue Apr 01 09:26:09 GMT 2025","Tue Apr 01 09:26:09 GMT 2025","1","src.tests.ado.repos","test_unit_ado_repos","TestReposApiWrapperValidateToolkit","","","test_run_tool[create_branch-create_branch]",""
"passed","Tue Apr 01 09:26:10 GMT 2025","Tue Apr 01 09:26:10 GMT 2025","1","src.tests.ado.wiki","test_unit_ado_wiki","TestWikiApiWrapperValidateToolkit","","","test_run_tool[get_wiki-get_wiki]",""
"passed","Tue Apr 01 09:26:11 GMT 2025","Tue Apr 01 09:26:11 GMT 2025","1","src.tests.ado.work_item","test_unit_ado_wrapper","TestAdoWorkItemWrapper","","","test_get_work_item_no_fields","Test getting a single work item without specifying fields."
"skipped","Tue Apr 01 09:26:11 GMT 2025","Tue Apr 01 09:26:11 GMT 2025","0","src.tests","test_utils","TestToolUtils","","","test_clean_string_positive","Test successful cleaning of a string with special characters."
"passed","Tue Apr 01 09:26:11 GMT 2025","Tue Apr 01 09:26:11 GMT 2025","0","src.tests.gitlab","test_gitlab_utils","TestGitlabUtilsGetPosition","","","test_no_changes_in_mr","Test behavior when MR contains no changes."
"passed","Tue Apr 01 09:26:09 GMT 2025","Tue Apr 01 09:26:09 GMT 2025","1","src.tests.ado.test_plan","test_unit_ado_test_plan","TestPlanApiWrapperNegative","","","test_get_all_test_suites_exception","Test retrieval of all test suites with an exception caused by the API."
"passed","Tue Apr 01 09:26:09 GMT 2025","Tue Apr 01 09:26:09 GMT 2025","1","src.tests.ado.repos","test_unit_ado_repos","TestReposToolsExceptions","","","test_create_branch_existing_exception",""
"passed","Tue Apr 01 09:26:09 GMT 2025","Tue Apr 01 09:26:09 GMT 2025","1","src.tests.ado.repos","test_unit_ado_repos","TestReposToolsPositive","","","test_parse_pull_requests_single",""
"passed","Tue Apr 01 09:26:09 GMT 2025","Tue Apr 01 09:26:09 GMT 2025","0","src.tests.ado.repos","test_unit_ado_repos","TestReposApiWrapperValidateToolkit","","","test_run_tool[list_open_pull_requests-list_open_pull_requests]",""
"passed","Tue Apr 01 09:26:09 GMT 2025","Tue Apr 01 09:26:09 GMT 2025","0","src.tests.ado.test_plan","test_unit_ado_test_plan","TestPlanApiWrapperNegative","","","test_create_test_plan_invalid_json","Test creation of a test plan with invalid JSON format."
"passed","Tue Apr 01 09:26:09 GMT 2025","Tue Apr 01 09:26:09 GMT 2025","0","src.tests.ado.repos","test_unit_ado_repos","TestReposToolsPositive","","","test_list_files_default_active_branch",""
"skipped","Tue Apr 01 09:26:10 GMT 2025","Tue Apr 01 09:26:10 GMT 2025","0","src.tests.ado.wiki","test_unit_ado_wiki","TestWikiApiWrapperPositive","","","test_modify_wiki_page_success_create_new_wiki_and_page","Test successful creation of new wiki and a page when wiki does not exist."
"passed","Tue Apr 01 09:26:11 GMT 2025","Tue Apr 01 09:26:11 GMT 2025","1","src.tests.ado.wiki","test_unit_ado_wiki","TestWikiApiWrapperExceptions","","","test_get_wiki_logs_error","Test logger called when extraction fails due to an API error."
"passed","Tue Apr 01 09:26:11 GMT 2025","Tue Apr 01 09:26:11 GMT 2025","1","src.tests.ado.wiki","test_unit_ado_wiki","TestWikiApiWrapperNegative","","","test_modify_wiki_page_error_create_new_wiki","Test modification fails due to invalid wiki identifier."
"passed","Tue Apr 01 09:26:09 GMT 2025","Tue Apr 01 09:26:09 GMT 2025","1","src.tests.ado.repos","test_unit_ado_repos","TestReposToolsPositive","","","test_get_files_default_branch",""
"passed","Tue Apr 01 09:26:09 GMT 2025","Tue Apr 01 09:26:09 GMT 2025","1","src.tests.ado.test_plan","test_unit_ado_test_plan","TestPlanApiWrapperExceptions","","","test_get_test_suite_logs_error","Test logger called when retrieval of a single test suite fails."
"passed","Tue Apr 01 09:26:11 GMT 2025","Tue Apr 01 09:26:11 GMT 2025","0","src.tests.ado.wiki","test_unit_ado_wiki","TestWikiApiWrapperExceptions","","","test_get_wiki_page_by_id_logs_error","Test logger called when extraction fails due to an API error."
"passed","Tue Apr 01 09:26:09 GMT 2025","Tue Apr 01 09:26:09 GMT 2025","0","src.tests.ado.repos","test_unit_ado_repos","TestReposToolsExceptions","","","test_get_pull_request_exception",""
"passed","Tue Apr 01 09:26:09 GMT 2025","Tue Apr 01 09:26:09 GMT 2025","1","src.tests.ado.repos","test_unit_ado_repos","TestReposToolsPositive","","","test_list_open_pull_requests_with_results",""
"passed","Tue Apr 01 09:26:11 GMT 2025","Tue Apr 01 09:26:11 GMT 2025","1","src.tests.ado.work_item","test_unit_ado_wrapper","TestAdoWorkItemWrapper","","","test_search_work_items_invalid_value",""
"passed","Tue Apr 01 09:26:11 GMT 2025","Tue Apr 01 09:26:11 GMT 2025","1","src.tests.ado.wiki","test_unit_ado_wiki","TestWikiApiWrapperExceptions","","","test_delete_page_by_path_logs_error","Test logger called when deletion fails due to an API error."
"passed","Tue Apr 01 09:26:09 GMT 2025","Tue Apr 01 09:26:09 GMT 2025","1","src.tests.ado.repos","test_unit_ado_repos","TestReposToolsExceptions","","","test_list_open_pull_requests_exception",""
"passed","Tue Apr 01 09:26:09 GMT 2025","Tue Apr 01 09:26:09 GMT 2025","1","src.tests.ado.repos","test_unit_ado_repos","TestReposToolsNegative","","","test_create_file_on_protected_branch",""
"passed","Tue Apr 01 09:26:09 GMT 2025","Tue Apr 01 09:26:09 GMT 2025","1","src.tests.ado.test_plan","test_unit_ado_test_plan","TestPlanApiWrapperPositive","","","test_get_test_case_success","Test successful retrieval of a test case by ID."
"passed","Tue Apr 01 09:26:11 GMT 2025","Tue Apr 01 09:26:11 GMT 2025","0","src.tests.ado.work_item","test_unit_ado_wrapper","TestAdoWorkItemWrapper","","","test_create_work_item_api_error_unknown_value","Test create_work_item when the connection fails with 'unknown error'."
"passed","Tue Apr 01 09:26:11 GMT 2025","Tue Apr 01 09:26:11 GMT 2025","1","src.tests.ado.work_item","test_unit_ado_wrapper","TestAdoWorkItemWrapper","","","test_run_tool[search_work_items-search_work_items]",""
"passed","Tue Apr 01 09:26:11 GMT 2025","Tue Apr 01 09:26:11 GMT 2025","2","src.tests.ado.work_item","test_unit_ado_wrapper","TestAdoWorkItemWrapper","","","test_get_relation_types","Test getting work item relation types."
"passed","Tue Apr 01 09:26:09 GMT 2025","Tue Apr 01 09:26:09 GMT 2025","0","src.tests.ado.test_plan","test_unit_ado_test_plan","TestPlanApiWrapperPositive","","","test_delete_test_suite_success","Test successful deletion of a test suite"
"passed","Tue Apr 01 09:26:09 GMT 2025","Tue Apr 01 09:26:09 GMT 2025","1","src.tests.ado.repos","test_unit_ado_repos","TestReposToolsPositive","","","test_create_pr_success",""
"skipped","Tue Apr 01 09:26:09 GMT 2025","Tue Apr 01 09:26:09 GMT 2025","0","src.tests.ado.repos","test_unit_ado_repos","TestReposToolsExceptions","","","test_read_file_not_found_exception",""
"passed","Tue Apr 01 09:26:09 GMT 2025","Tue Apr 01 09:26:09 GMT 2025","0","src.tests.ado.test_plan","test_unit_ado_test_plan","TestPlanApiWrapperPositive","","","test_get_test_case_not_found","Test retrieval when no test case is found."
"passed","Tue Apr 01 09:26:11 GMT 2025","Tue Apr 01 09:26:11 GMT 2025","0","src.tests.ado.work_item","test_unit_ado_wrapper","TestAdoWorkItemWrapper","","","test_update_work_item_success","Test updating a work item successfully."
"passed","Tue Apr 01 09:26:10 GMT 2025","Tue Apr 01 09:26:10 GMT 2025","1","src.tests.ado.wiki","test_unit_ado_wiki","TestWikiApiWrapperNegative","","","test_get_wiki_page_by_path_invalid_identifier","Test extraction with an invalid wiki identifier."
"passed","Tue Apr 01 09:26:09 GMT 2025","Tue Apr 01 09:26:09 GMT 2025","0","src.tests.ado.repos","test_unit_ado_repos","TestReposToolsExceptions","","","test_comment_on_pull_request_exception",""
"passed","Tue Apr 01 09:26:11 GMT 2025","Tue Apr 01 09:26:11 GMT 2025","0","src.tests","test_utils","TestToolUtils","","","test_get_max_toolkit_length_empty_tools","Test behavior when selected_tools is empty."
"passed","Tue Apr 01 09:26:11 GMT 2025","Tue Apr 01 09:26:11 GMT 2025","1","src.tests.gitlab","test_gitlab_utils","TestGitlabUtilsGetPosition","","","test_file_not_found_in_changes","Test behavior when the file path is not found in MR changes."
"passed","Tue Apr 01 09:26:10 GMT 2025","Tue Apr 01 09:26:10 GMT 2025","0","src.tests.ado.wiki","test_unit_ado_wiki","TestWikiApiWrapperValidateToolkit","","","test_run_tool[delete_page_by_id-delete_page_by_id]",""
"passed","Tue Apr 01 09:26:09 GMT 2025","Tue Apr 01 09:26:09 GMT 2025","1","src.tests.ado.test_plan","test_unit_ado_test_plan","TestPlanApiWrapperNegative","","","test_get_test_suite_invalid_suite_id","Test retrieval with an invalid suite ID."
"passed","Tue Apr 01 09:26:09 GMT 2025","Tue Apr 01 09:26:09 GMT 2025","1","src.tests.ado.test_plan","test_unit_ado_test_plan","TestPlanApiWrapperExceptions","","","test_get_test_plans_exception","Test get test plans exception."
"passed","Tue Apr 01 09:26:09 GMT 2025","Tue Apr 01 09:26:09 GMT 2025","1","src.tests.ado.repos","test_unit_ado_repos","TestReposApiWrapperValidateToolkit","","","test_active_branch_existence_success",""
"passed","Tue Apr 01 09:26:09 GMT 2025","Tue Apr 01 09:26:09 GMT 2025","1","src.tests.ado.repos","test_unit_ado_repos","TestReposApiWrapperValidateToolkit","","","test_run_tool[read_file-_read_file]",""
"passed","Tue Apr 01 09:26:09 GMT 2025","Tue Apr 01 09:26:09 GMT 2025","1","src.tests.ado.repos","test_unit_ado_repos","TestReposToolsPositive","","","test_get_pull_request_success",""
"passed","Tue Apr 01 09:26:11 GMT 2025","Tue Apr 01 09:26:11 GMT 2025","1","src.tests.ado.wiki","test_unit_ado_wiki","TestWikiApiWrapperNegative","","","test_delete_page_by_path_invalid_identifier","Test deletion with an invalid wiki identifier."
"passed","Tue Apr 01 09:26:11 GMT 2025","Tue Apr 01 09:26:11 GMT 2025","3","src.tests.ado.wiki","test_unit_ado_wiki","TestWikiApiWrapperNegative","","","test_modify_wiki_page_error_create_new_wiki_and_page","Test successful creation of new wiki and a page when wiki does not exist."
"passed","Tue Apr 01 09:26:10 GMT 2025","Tue Apr 01 09:26:10 GMT 2025","0","src.tests.ado.wiki","test_unit_ado_wiki","TestWikiApiWrapperValidateToolkit","","","test_run_tool[get_wiki_page_by_path-get_wiki_page_by_path]",""
"passed","Tue Apr 01 09:26:09 GMT 2025","Tue Apr 01 09:26:09 GMT 2025","0","src.tests.ado.repos","test_unit_ado_repos","TestReposToolsNegative","","","test_list_pull_request_diffs_invalid_id",""
"passed","Tue Apr 01 09:26:09 GMT 2025","Tue Apr 01 09:26:09 GMT 2025","0","src.tests.ado.repos","test_unit_ado_repos","TestReposToolsExceptions","","","test_list_branches_in_repo_exception",""
"passed","Tue Apr 01 09:26:09 GMT 2025","Tue Apr 01 09:26:09 GMT 2025","1","src.tests.ado.repos","test_unit_ado_repos","TestReposToolsPositive","","","test_parse_pull_requests_multiple",""
"passed","Tue Apr 01 09:26:09 GMT 2025","Tue Apr 01 09:26:09 GMT 2025","1","src.tests.ado.test_plan","test_unit_ado_test_plan","TestPlanApiWrapperNegative","","","test_get_test_suite_exception","Test retrieval with an exception caused by the API."
"passed","Tue Apr 01 09:26:09 GMT 2025","Tue Apr 01 09:26:09 GMT 2025","0","src.tests.ado.test_plan","test_unit_ado_test_plan","TestPlanApiWrapperPositive","","","test_create_test_plan_success","Test successful creation of a test plan."
"passed","Tue Apr 01 09:26:11 GMT 2025","Tue Apr 01 09:26:11 GMT 2025","0","src.tests.ado.work_item","test_unit_ado_wrapper","TestAdoWorkItemWrapper","","","test_link_work_items_success","Test linking two work items successfully."
"passed","Tue Apr 01 09:26:09 GMT 2025","Tue Apr 01 09:26:09 GMT 2025","1","src.tests.ado.test_plan","test_unit_ado_test_plan","TestPlanApiWrapperValidateToolkit","","","test_run_tool[get_test_plan-get_test_plan]",""
"passed","Tue Apr 01 09:26:09 GMT 2025","Tue Apr 01 09:26:09 GMT 2025","0","src.tests.ado.repos","test_unit_ado_repos","TestReposApiWrapperValidateToolkit","","","test_run_tool[set_active_branch-set_active_branch]",""
"passed","Tue Apr 01 09:26:09 GMT 2025","Tue Apr 01 09:26:09 GMT 2025","2","src.tests.ado.repos","test_unit_ado_repos","TestReposToolsNegative","","","test_set_active_branch_failure",""
"passed","Tue Apr 01 09:26:10 GMT 2025","Tue Apr 01 09:26:10 GMT 2025","0","src.tests.ado.test_plan","test_unit_ado_test_plan","TestPlanApiWrapperExceptions","","","test_get_test_cases_logs_error","Test logger called when retrieval of test cases fails."
"passed","Tue Apr 01 09:26:09 GMT 2025","Tue Apr 01 09:26:09 GMT 2025","1","src.tests.ado.test_plan","test_unit_ado_test_plan","TestPlanApiWrapperPositive","","","test_get_all_test_plans_success","Test successful getting of all test plans by ids."
"passed","Tue Apr 01 09:26:11 GMT 2025","Tue Apr 01 09:26:11 GMT 2025","2","src.tests.ado.wiki","test_unit_ado_wiki","TestWikiApiWrapperExceptions","","","test_rename_wiki_page_logs_error","Test logger called when rename fails due to an API error."
"skipped","Tue Apr 01 09:26:10 GMT 2025","Tue Apr 01 09:26:10 GMT 2025","0","src.tests.ado.wiki","test_unit_ado_wiki","TestWikiApiWrapperPositive","","","test_rename_wiki_page_success_without_version","Test successful rename of wiki page without version descriptor."
"passed","Tue Apr 01 09:26:09 GMT 2025","Tue Apr 01 09:26:09 GMT 2025","0","src.tests.ado.repos","test_unit_ado_repos","TestReposToolsPositive","","","test_create_file_success",""
"passed","Tue Apr 01 09:26:09 GMT 2025","Tue Apr 01 09:26:09 GMT 2025","1","src.tests.ado.repos","test_unit_ado_repos","TestReposToolsExceptions","","","test_get_files_exception",""
"passed","Tue Apr 01 09:26:09 GMT 2025","Tue Apr 01 09:26:09 GMT 2025","0","src.tests.ado.test_plan","test_unit_ado_test_plan","TestPlanApiWrapperValidateToolkit","","","test_validate_toolkit_mock_success",""
"passed","Tue Apr 01 09:26:09 GMT 2025","Tue Apr 01 09:26:09 GMT 2025","0","src.tests.ado.repos","test_unit_ado_repos","TestReposApiWrapperValidateToolkit","","","test_validate_toolkit_connection_failure",""
"passed","Tue Apr 01 09:26:09 GMT 2025","Tue Apr 01 09:26:09 GMT 2025","7","src.tests.ado.test_plan","test_unit_ado_test_plan","TestPlanApiWrapperValidateToolkit","","","test_validate_toolkit_success",""
"passed","Tue Apr 01 09:26:11 GMT 2025","Tue Apr 01 09:26:11 GMT 2025","0","src.tests.ado.work_item","test_unit_ado_wrapper","TestAdoWorkItemWrapper","","","test_run_tool[update_work_item-update_work_item]",""
"passed","Tue Apr 01 09:26:11 GMT 2025","Tue Apr 01 09:26:11 GMT 2025","0","src.tests","test_base_tool","TestBaseAction","","","test_run_success","Test that _run successfully returns the correct output for a valid action."
"passed","Tue Apr 01 09:26:10 GMT 2025","Tue Apr 01 09:26:10 GMT 2025","0","src.tests.ado.wiki","test_unit_ado_wiki","TestWikiApiWrapperValidateToolkit","","","test_run_tool_unknown_mode",""
"passed","Tue Apr 01 09:26:10 GMT 2025","Tue Apr 01 09:26:10 GMT 2025","1","src.tests.ado.wiki","test_unit_ado_wiki","TestWikiApiWrapperPositive","","","test_delete_page_by_id_success","Test successful deletion of a wiki page by ID."
"passed","Tue Apr 01 09:26:10 GMT 2025","Tue Apr 01 09:26:10 GMT 2025","0","src.tests.ado.wiki","test_unit_ado_wiki","TestWikiApiWrapperValidateToolkit","","","test_run_tool[delete_page_by_path-delete_page_by_path]",""
"passed","Tue Apr 01 09:26:09 GMT 2025","Tue Apr 01 09:26:09 GMT 2025","0","src.tests.ado.repos","test_unit_ado_repos","TestReposToolsNegative","","","test_list_branches_in_repo_no_branches",""
"passed","Tue Apr 01 09:26:10 GMT 2025","Tue Apr 01 09:26:10 GMT 2025","0","src.tests.ado.wiki","test_unit_ado_wiki","TestWikiApiWrapperValidateToolkit","","","test_run_tool[rename_wiki_page-rename_wiki_page]",""
"passed","Tue Apr 01 09:26:11 GMT 2025","Tue Apr 01 09:26:11 GMT 2025","34","src.tests.sharepoint","test_sharepoin_utils","TestSharepointReadDocxFromBytes","","","test_read_docx_from_bytes_positive","Test successful reading of .docx content from bytes."
"passed","Tue Apr 01 09:26:09 GMT 2025","Tue Apr 01 09:26:09 GMT 2025","0","src.tests.ado.repos","test_unit_ado_repos","TestReposApiWrapperValidateToolkit","","","test_validate_toolkit_missing_parameters_project[project]",""
"passed","Tue Apr 01 09:26:11 GMT 2025","Tue Apr 01 09:26:11 GMT 2025","1","src.tests.ado.work_item","test_unit_ado_wrapper","TestAdoWorkItemWrapper","","","test_link_work_items_api_error","Test linking when the API call fails."
"passed","Tue Apr 01 09:26:09 GMT 2025","Tue Apr 01 09:26:09 GMT 2025","0","src.tests.ado.repos","test_unit_ado_repos","TestReposToolsPositive","","","test_list_files_fallback_to_base_branch",""
"passed","Tue Apr 01 09:26:11 GMT 2025","Tue Apr 01 09:26:11 GMT 2025","0","src.tests.ado.work_item","test_unit_ado_wrapper","TestAdoWorkItemWrapper","","","test_create_work_item_invalid_json","Test create_work_item with invalid JSON input."
"passed","Tue Apr 01 09:26:11 GMT 2025","Tue Apr 01 09:26:11 GMT 2025","1","src.tests","test_elitea_base_tool","TestBaseToolApiWrapper","","","test_run_with_empty_tool_list","Test that `run` raises exception when tool list is empty."
"passed","Tue Apr 01 09:26:09 GMT 2025","Tue Apr 01 09:26:09 GMT 2025","1","src.tests.ado.test_plan","test_unit_ado_test_plan","TestPlanApiWrapperPositive","","","test_add_test_case_success","Test successful addition of test cases to a suite."
"passed","Tue Apr 01 09:26:09 GMT 2025","Tue Apr 01 09:26:09 GMT 2025","1","src.tests.ado","test_ado_utils","TestAdoUtils","","","test_generate_diff_no_changes","Test generation of diff when no changes exist between base and target files."
"passed","Tue Apr 01 09:26:09 GMT 2025","Tue Apr 01 09:26:09 GMT 2025","0","src.tests.ado.repos","test_unit_ado_repos","TestReposToolsPositive","","","test_create_branch_success",""
"passed","Tue Apr 01 09:26:09 GMT 2025","Tue Apr 01 09:26:09 GMT 2025","1","src.tests.ado.repos","test_unit_ado_repos","TestReposToolsPositive","","","test_set_active_branch_success",""
"passed","Tue Apr 01 09:26:09 GMT 2025","Tue Apr 01 09:26:09 GMT 2025","1","src.tests.ado.repos","test_unit_ado_repos","TestReposToolsPositive","","","test_get_files_no_recursion",""
"passed","Tue Apr 01 09:26:11 GMT 2025","Tue Apr 01 09:26:11 GMT 2025","0","src.tests","test_elitea_base_tool","TestBaseToolApiWrapper","","","test_get_available_tools_not_implemented","Test that calling `get_available_tools` directly on `BaseToolApiWrapper` raises NotImplementedError."
"passed","Tue Apr 01 09:26:09 GMT 2025","Tue Apr 01 09:26:09 GMT 2025","1","src.tests.ado.repos","test_unit_ado_repos","TestReposToolsExceptions","","","test_parse_pull_requests_exception",""
"passed","Tue Apr 01 09:26:09 GMT 2025","Tue Apr 01 09:26:09 GMT 2025","0","src.tests.ado.repos","test_unit_ado_repos","TestReposApiWrapperValidateToolkit","","","test_run_tool_unknown_mode",""
"passed","Tue Apr 01 09:26:10 GMT 2025","Tue Apr 01 09:26:10 GMT 2025","1","src.tests.ado.wiki","test_unit_ado_wiki","TestWikiApiWrapperNegative","","","test_get_wiki_page_by_id_invalid_identifier","Test extraction with an invalid wiki identifier."
"passed","Tue Apr 01 09:26:09 GMT 2025","Tue Apr 01 09:26:09 GMT 2025","0","src.tests.ado.repos","test_unit_ado_repos","TestReposToolsNegative","","","test_delete_file_branch_not_found",""
"passed","Tue Apr 01 09:26:09 GMT 2025","Tue Apr 01 09:26:09 GMT 2025","0","src.tests.ado.repos","test_unit_ado_repos","TestReposToolsNegative","","","test_list_open_pull_requests_no_results",""
"passed","Tue Apr 01 09:26:09 GMT 2025","Tue Apr 01 09:26:09 GMT 2025","0","src.tests.ado.test_plan","test_unit_ado_test_plan","TestPlanApiWrapperPositive","","","test_delete_test_plan_success","Test successful deletion of a test plan."
"passed","Tue Apr 01 09:26:11 GMT 2025","Tue Apr 01 09:26:11 GMT 2025","1","src.tests","test_utils","TestToolUtils","","","test_get_max_toolkit_length_positive","Test calculation of maximum toolkit name length."
"passed","Tue Apr 01 09:26:11 GMT 2025","Tue Apr 01 09:26:11 GMT 2025","0","src.tests","test_elitea_base_tool","TestBaseToolApiWrapper","","","test_run_with_tool_that_raises_exception","Test that `run` handles tools that raise exceptions."
"passed","Tue Apr 01 09:26:09 GMT 2025","Tue Apr 01 09:26:09 GMT 2025","0","src.tests.ado.repos","test_unit_ado_repos","TestReposApiWrapperValidateToolkit","","","test_run_tool[get_work_items-get_work_items]",""
"passed","Tue Apr 01 09:26:09 GMT 2025","Tue Apr 01 09:26:09 GMT 2025","0","src.tests.ado.repos","test_unit_ado_repos","TestReposToolsNegative","","","test_create_file_branch_does_not_exist_or_has_no_commits",""
"passed","Tue Apr 01 09:26:09 GMT 2025","Tue Apr 01 09:26:09 GMT 2025","1","src.tests.ado.repos","test_unit_ado_repos","TestReposToolsExceptions","","","test_active_branch_existence_exception",""
"passed","Tue Apr 01 09:26:09 GMT 2025","Tue Apr 01 09:26:09 GMT 2025","1","src.tests.ado.repos","test_unit_ado_repos","TestReposToolsExceptions","","","test_delete_file_exception",""
"passed","Tue Apr 01 09:26:09 GMT 2025","Tue Apr 01 09:26:09 GMT 2025","1","src.tests.ado.repos","test_unit_ado_repos","TestReposToolsNegative","","","test_update_file_no_content_update",""
"passed","Tue Apr 01 09:26:09 GMT 2025","Tue Apr 01 09:26:09 GMT 2025","0","src.tests.ado.test_plan","test_unit_ado_test_plan","TestPlanApiWrapperNegative","","","test_delete_test_plan_invalid_plan_id","Test deletion of a test plan with str parameter instead of int."
"passed","Tue Apr 01 09:26:11 GMT 2025","Tue Apr 01 09:26:11 GMT 2025","1","src.tests.ado.work_item","test_unit_ado_wrapper","TestAdoWorkItemWrapper","","","test_get_comments_api_error","Test getting comments when the API call fails."
"passed","Tue Apr 01 09:26:10 GMT 2025","Tue Apr 01 09:26:10 GMT 2025","1","src.tests.ado.wiki","test_unit_ado_wiki","TestWikiApiWrapperPositive","","","test_get_wiki_success","Tests get wiki method successfully"
"passed","Tue Apr 01 09:26:09 GMT 2025","Tue Apr 01 09:26:09 GMT 2025","2","src.tests.ado.repos","test_unit_ado_repos","TestReposToolsPositive","","","test_get_work_items_success",""
"passed","Tue Apr 01 09:26:09 GMT 2025","Tue Apr 01 09:26:09 GMT 2025","0","src.tests.ado.repos","test_unit_ado_repos","TestReposToolsNegative","","","test_parse_pull_requests_no_commits",""
"passed","Tue Apr 01 09:26:10 GMT 2025","Tue Apr 01 09:26:10 GMT 2025","0","src.tests.ado.wiki","test_unit_ado_wiki","TestWikiApiWrapperValidateToolkit","","","test_wiki_validate_toolkit_exception",""
"passed","Tue Apr 01 09:26:09 GMT 2025","Tue Apr 01 09:26:09 GMT 2025","2","src.tests.ado.test_plan","test_unit_ado_test_plan","TestPlanApiWrapperPositive","","","test_get_all_test_suites_success","Test successful retrieval of all test suites for a plan."
"passed","Tue Apr 01 09:26:09 GMT 2025","Tue Apr 01 09:26:09 GMT 2025","0","src.tests.ado","test_ado_utils","TestAdoUtils","","","test_generate_diff_with_empty_base","Test generation of diff when base text is empty."
"passed","Tue Apr 01 09:26:11 GMT 2025","Tue Apr 01 09:26:11 GMT 2025","0","src.tests.ado.wiki","test_unit_ado_wiki","TestWikiApiWrapperExceptions","","","test_get_wiki_page_by_path_logs_error","Test logger called when extraction fails due to an API error."
"passed","Tue Apr 01 09:26:09 GMT 2025","Tue Apr 01 09:26:09 GMT 2025","0","src.tests.ado","test_ado_utils","TestAdoUtils","","","test_generate_diff_positive","Test successful generation of diff between base and target files."
"passed","Tue Apr 01 09:26:11 GMT 2025","Tue Apr 01 09:26:11 GMT 2025","1","src.tests.ado.work_item","test_unit_ado_wrapper","TestAdoWorkItemWrapper","","","test_create_work_item_api_error","Test create_work_item when the API call fails."
"passed","Tue Apr 01 09:26:09 GMT 2025","Tue Apr 01 09:26:09 GMT 2025","0","src.tests.ado.test_plan","test_unit_ado_test_plan","TestPlanApiWrapperNegative","","","test_get_test_case_invalid","Test retrieval with an error caused by the API."
"passed","Tue Apr 01 09:26:11 GMT 2025","Tue Apr 01 09:26:11 GMT 2025","1","src.tests.ado.wiki","test_unit_ado_wiki","TestWikiApiWrapperNegative","","","test_delete_page_by_id_invalid_identifier","Test deletion with an invalid wiki identifier."
"passed","Tue Apr 01 09:26:10 GMT 2025","Tue Apr 01 09:26:10 GMT 2025","0","src.tests.ado.wiki","test_unit_ado_wiki","TestWikiApiWrapperValidateToolkit","","","test_run_tool[get_wiki_page_by_id-get_wiki_page_by_id]",""
"passed","Tue Apr 01 09:26:11 GMT 2025","Tue Apr 01 09:26:11 GMT 2025","0","src.tests.ado.work_item","test_unit_ado_wrapper","TestAdoWorkItemWrapper","","","test_run_tool[get_comments-get_comments]",""
"passed","Tue Apr 01 09:26:11 GMT 2025","Tue Apr 01 09:26:11 GMT 2025","0","src.tests.ado.work_item","test_unit_ado_wrapper","TestAdoWorkItemWrapper","","","test_validate_toolkit_success",""
"passed","Tue Apr 01 09:26:09 GMT 2025","Tue Apr 01 09:26:09 GMT 2025","1","src.tests.ado.repos","test_unit_ado_repos","TestReposToolsPositive","","","test_parse_pull_requests_single_input_not_list",""
"passed","Tue Apr 01 09:26:09 GMT 2025","Tue Apr 01 09:26:09 GMT 2025","0","src.tests.ado.test_plan","test_unit_ado_test_plan","TestPlanApiWrapperValidateToolkit","","","test_run_tool[add_test_case-add_test_case]",""
"passed","Tue Apr 01 09:26:10 GMT 2025","Tue Apr 01 09:26:10 GMT 2025","0","src.tests.ado.wiki","test_unit_ado_wiki","TestWikiApiWrapperValidateToolkit","","","test_run_tool[modify_wiki_page-modify_wiki_page]",""
"passed","Tue Apr 01 09:26:11 GMT 2025","Tue Apr 01 09:26:11 GMT 2025","0","src.tests.gitlab","test_gitlab_utils","TestGitlabUtilsGetDiffWPosition","","","test_get_diff_w_position_positive","Test successful extraction of diff positions."
"passed","Tue Apr 01 09:26:10 GMT 2025","Tue Apr 01 09:26:10 GMT 2025","19","src.tests.ado.wiki","test_unit_ado_wiki","TestWikiApiWrapperValidateToolkit","","","test_wiki_validate_toolkit_success",""
"passed","Tue Apr 01 09:26:11 GMT 2025","Tue Apr 01 09:26:11 GMT 2025","0","src.tests.ado.work_item","test_unit_ado_wrapper","TestAdoWorkItemWrapper","","","test_validate_toolkit_missing_organization",""
"passed","Tue Apr 01 09:26:09 GMT 2025","Tue Apr 01 09:26:09 GMT 2025","1","src.tests.ado.repos","test_unit_ado_repos","TestReposToolsPositive","","","test_parse_pull_requests_multiple_commits",""
"passed","Tue Apr 01 09:26:11 GMT 2025","Tue Apr 01 09:26:11 GMT 2025","0","src.tests.ado.work_item","test_unit_ado_wrapper","TestAdoWorkItemWrapper","","","test_link_work_items_invalid_link_type","Test linking with an invalid link type."
"passed","Tue Apr 01 09:26:10 GMT 2025","Tue Apr 01 09:26:10 GMT 2025","1","src.tests.ado.test_plan","test_unit_ado_test_plan","TestPlanApiWrapperExceptions","","","test_get_test_case_logs_error","Test logger called when retrieval of a test case fails."
"passed","Tue Apr 01 09:26:09 GMT 2025","Tue Apr 01 09:26:09 GMT 2025","0","src.tests.ado.repos","test_unit_ado_repos","TestReposToolsNegative","","","test_create_pr_same_source_and_target_branch",""
"passed","Tue Apr 01 09:26:09 GMT 2025","Tue Apr 01 09:26:09 GMT 2025","0","src.tests.ado","test_ado_utils","TestAdoUtils","","","test_generate_diff_with_none_parameters","Test generation of diff when None is passed as parameters."
"passed","Tue Apr 01 09:26:09 GMT 2025","Tue Apr 01 09:26:09 GMT 2025","0","src.tests.ado.repos","test_unit_ado_repos","TestReposToolsPositive","","","test_list_branches_in_repo_success",""
"passed","Tue Apr 01 09:26:09 GMT 2025","Tue Apr 01 09:26:09 GMT 2025","1","src.tests.ado.repos","test_unit_ado_repos","TestReposToolsExceptions","","","test_create_pr_exception",""
"skipped","Tue Apr 01 09:26:10 GMT 2025","Tue Apr 01 09:26:10 GMT 2025","0","src.tests.ado.wiki","test_unit_ado_wiki","TestWikiApiWrapperPositive","","","test_modify_wiki_page_success_with_existing_wiki_and_page","Test successful modification of wiki page when wiki and page exist."
"passed","Tue Apr 01 09:26:09 GMT 2025","Tue Apr 01 09:26:09 GMT 2025","1","src.tests.ado.repos","test_unit_ado_repos","TestReposApiWrapperValidateToolkit","","","test_run_tool[delete_file-delete_file]",""
"passed","Tue Apr 01 09:26:10 GMT 2025","Tue Apr 01 09:26:10 GMT 2025","1","src.tests.ado.wiki","test_unit_ado_wiki","TestWikiApiWrapperPositive","","","test_delete_page_by_path_success","Test successful deletion of a wiki page by path."
"passed","Tue Apr 01 09:26:09 GMT 2025","Tue Apr 01 09:26:09 GMT 2025","0","src.tests.ado.test_plan","test_unit_ado_test_plan","TestPlanApiWrapperNegative","","","test_get_test_cases_no_cases_found","Test retrieval when no test cases are found."
